{"cameraMode":{"drawMode":0,"name":"Shaded","section":"Shading Mode"},"sceneLighting":false,"audioPlay":false,"sceneViewState":{"showFog":true,"showMaterialUpdate":false,"showSkybox":false,"showFlares":true,"showImageEffects":true,"showParticleSystems":true},"in2DMode":false,"pivot":{"x":140.6999969482422,"y":12.800000190734864,"z":-46.5},"rotation":{"x":0.05253453180193901,"y":0.9474270939826965,"z":-0.2186475545167923,"w":0.22763893008232118},"size":1.1445519924163819,"orthographic":false}